petr;123;petr123;true;Petar;Petar;61152313
nexa;123;nexa@gmail.com;true;Nemanja;Amidzic;313131
nikl;123;nikl@gmail.com;true;Niko;dad;134131
nikola123;123;nikola@gmail.com;true;Nikola;Maric;13123123
adada;adda;adada@gmail.com;true;ada;adda;131313
nik;123;nik@gmail.com;true;nikos;nike;313131
popa;123;ppoo;true;petar;petrovic;1231231
